Title,Views,Group
Victoria Rainfall and River Conditions,81669,Flood
Victoria Rainfall and River Conditions,29032,Flood
Port Phillip Rainfall and River Conditions,25144,Flood
Goulburn Broken Rainfall and River Conditions,25142,Flood
Victoria Links to Rainfall and River Data,22008,Flood
Melbourne Rainfall,21532,Flood
Northeast Rainfall and River Conditions,10911,Flood
North Central Rainfall and River Conditions,8608,Flood
West Gippsland Rainfall and River Conditions,8442,Flood
East Gippsland Rainfall and River Conditions,5979,Flood
Melbourne Forecast,1388474,Forecasts
Melbourne Forecast,244798,Forecasts
Victorian 7-day Forecasts,95662,Forecasts
Victorian Forecasts,64419,Forecasts
Victorian Forecasts,55717,Forecasts
Geelong Forecast,51786,Forecasts
Mornington Peninsula Forecast,23547,Forecasts
Victorian Forecast Areas Map,22594,Forecasts
Scoresby Forecast,22567,Forecasts
Frankston Forecast,21370,Forecasts
Latest Weather Observations for the Melbourne Area,158767,Observations
Latest Weather Observations for the Melbourne Area,100594,Observations
Latest Weather Observations for Victoria,63603,Observations
Victorian Observations,36732,Observations
Latest Weather Observations for Victoria,29495,Observations
Victorian Observations,29383,Observations
Victorian Weather Observation Stations,17886,Observations
Melbourne Area Weather Observation Stations,15283,Observations
Latest Weather Observations for the Melbourne Area,14803,Observations
Latest Coastal Weather Observations for Victoria,2322,Observations
Australia's official weather forecasts & weather radar - Bureau of Meteorology,1283565,Other
Radar Images,1016522,Other
Victoria Weather and Warnings,409368,Other
Victoria Weather and Warnings,391994,Other
Bureau of Meteorology - Victoria Severe Weather Warning 1,202646,Other
Radar Images,192896,Other
128 km Melbourne Radar,190010,Other
Victorian Information,159087,Other
Australia's official weather forecasts & weather radar - Bureau of Meteorology,133127,Other
Australia's official weather forecasts & weather radar - Bureau of Meteorology,120652,Other
128 km Melbourne Radar Loop,3127585,Radar Loop
256 km Melbourne Radar Loop,2015962,Radar Loop
512 km composite Melbourne Radar Loop,1840020,Radar Loop
National Radar Loop,1005877,Radar Loop
64 km Melbourne Radar Loop,860856,Radar Loop
128 km Yarrawonga Radar Loop,276730,Radar Loop
128 km Melbourne (Broadmeadows) Radar Loop,227728,Radar Loop
128 km Melbourne Since 9 am Rainfalls,180986,Radar Loop
128 km Melbourne 24 hour Rainfalls,180198,Radar Loop
128 km Mt Gambier Radar Loop,159350,Radar Loop
High-definition satellite images,47045,Satellite
High-definition satellite images,41390,Satellite
High-definition satellite images,15710,Satellite
High-definition satellite images,2672,Satellite
High-definition satellite images,2354,Satellite
High-definition satellite images,2078,Satellite
High-definition satellite images,1877,Satellite
High-definition satellite images,1605,Satellite
High-definition satellite images,1115,Satellite
High-definition satellite images,666,Satellite
Victorian Warnings Summary,502389,Warnings
Flood Warning Summary,97965,Warnings
Victorian Warnings Summary,24950,Warnings
Marine Wind Warning Summary,17494,Warnings
Flood Warning - Yarra River,14172,Warnings
Brown Rot Advice,13031,Warnings
Flood Warning - Ovens and King Rivers,10641,Warnings
Warning to Sheep Graziers,7526,Warnings
Flood Warning - Goulburn River,5960,Warnings
Melbourne Road Weather Alert,5706,Warnings
