,comments,label,x,y
0,Whaspp,4,-6.4534984,3.464943
1,I,4,-0.3891705,-1.1797745000000002
2,U Bffcffftrucffrcdrrdtfrtt ggg,4,7.2563033,-6.149225700000001
3,Why does the radar not work on mobiles? iPhone 7plus,1,13.782925,-12.268446
4,"I do not understand the Doppler charts.
How can I find out how to read them properly
Regards Norm  Hodgkinson",4,12.373612,9.355487
5,Why can I not get the satellite picture for east of the Tamar.,4,-8.48807,-12.17079
6,What happened to the rain in Renmark today?,4,-15.069918,-8.048303
7,oo,4,-4.961004,4.5816197
8,its a beatiful contry,4,3.6699580000000003,1.2847254
9,"Grafton radar wont load, just the colour code that goes underneath.",1,-14.441834,-12.868995
10,zayAZ AZz,4,3.79544,-3.157796
11,Hey s,4,-16.152004,0.5928207
12,Why isn't there a weather station collecting climate data in docklands or Port Melbourne? My students of Building Design regularly have commercial practice projects in these booming areas and can't research data specific to the suburb using the bom website.,4,1.9812433,-7.4118699999999995
13,"Hi. I have noticed over the past few weeks that your forecast and maximum temperatures have been incorrect. Is there any reason for this, as in, particular anomalies with the current weather system or is this symptomatic of unpredictable weather in this day and age?",4,-8.143552,17.211682999999997
14,H,4,-8.057689,-8.823846000000001
15,Tweeeiyi,4,4.980508,-0.122150615
16,Ogre and other,4,-5.493251,0.132904
17,I vmbmnlnbkl,4,-2.4596592999999998,2.4862217999999996
18,By alice,4,2.2651388999999997,3.5284529000000004
19,You tube,4,1.924623,-2.4902685
20,Freya is she u,4,7.527404,-6.5504017
21,N en di a kkkoo oop8po,5,4.816221700000001,2.9354079
22,Si i999,4,1.7685683999999997,-2.5623720000000003
23,Lll,4,2.3764336,-4.5013337
24,I always use this sight because it is up to date and correct,4,17.77414,-8.229319
25,Moon and sun icons are out of sync with celestial movements.,4,-4.046901999999999,10.611369999999999
26,Z,4,4.49584,4.375453
27,Need to look at app for weather zone as not working,2,16.931223000000003,17.008867000000002
28,Thirlere nsw,4,-11.784161,-0.8675177
29,ug,4,-4.066789,0.5667747
30,Cfhu9y6 mob  bo,4,4.935576999999999,0.37963405
31,Can bra,4,1.650522,1.8928145
32,"The radar being your only visual report, needs ""pause"" and speed control functionality.",1,-15.977957,8.780149
33,"Hi BOM team, 

The 24hr forecast temperatures (at the following link) for Sydney don't appear correct.

http://m.bom.gov.au/nsw/sydney/forecasts/

For eg. at 5.27pm (now) the 5pm temperature is listed as 26degC, but the actual temp listed for Sydney at this BOM page is 28.6degC. 

Peter",4,-5.471480400000001,-9.908417
34,"When you type in to view Berwick, it is such a false reading as it takes the details from Ferny Ck? 

Why is this? Ferny Ck has such different conditions, so the Berwick area us always usually a false reeding?  ;( 

Can't it be aligned to a different station more relevant? 

Thom",4,-7.7525754000000004,-4.793248
35,What has happened to the radar for Caboolture,1,12.823317,-14.576801000000001
36,CHi mt  L,4,-1.8739874,-9.63623
37,What has happened to the radar view or Cooranbong for the m.bom.gov.au website on PC and on mobile?,1,-4.9767547,-12.699016
38,". 
 -        ! 
       
  .   ICQ 656310373",4,-4.06864,2.9731473999999998
39,Ikobjjmg,4,-5.510367400000001,1.7888359
40,Hi there. Why is the Noarlunga readings not showing any rain readings. It has been showing zero for the psst couple of days.,4,13.223335999999998,9.40365
41,"I got this site as Merimbula radar weather, but it doesn't really show Merimbula. Is there another site where Merimbula is more central on the chart? Ron Murdoch.",4,-0.35397664,6.5397925
42,Lk,4,-4.8700323,4.5358553
43,Hey,4,-16.152006,0.5927644
44,The B.O.M. Mobile website seems to be not operating properly.com,4,9.923853,-2.4077742000000004
45,The pages displayed are not consistent with the location I have picked or the URL which is displaying. I've had this issue for a couple of days,0,-12.304129,11.459876
46,In the last few days the mobile site has been changing to random locations around the country and the favourite and recently visited locations keep changing. Sometimes tapping 'radar' switches to another locations forecast rather than the radar. I'm getting the same effect on both my iPhone and iPad. Is there some issue with the site at the moment?,0,-0.83086646,17.998482
47,Updates,4,-12.025599,-5.312641999999999
48,mobile links aren't working properly. links seem to send me to random pages from other parts of the sites - ie link for Sydney weather directing me to the radar for regional SA.,4,-7.466247,-14.9231
49,"In the last week there has been a lot of incorrect links, I keep getting the weather for a different place to one requested, for example I selected Wyoming nsw and got Shepperton Vic",4,-10.179657,-0.39718273
50,Leura nsw 2780 is coming up as Hurstville,4,-12.461872,-1.7681162
51,"Are you aware that http://m.bom.gov.au/nsw/leura/radar/ no longer produces a radar image on screen, just a government logo.
Please advise.",1,9.3683815,-15.700662
52,3e,4,-7.541328,5.600901
53,H,4,-8.03555,-8.824365
54,Lip op oyknlli0l00ll 0ppll0ll0 I'll l it 0lo0ulllo09j pin ol0jnil Pou opjl,4,-2.4504845,-9.104982000000001
55,The radar tab has list it's Hyper link to raft map view.,1,7.252207799999999,13.585760999999998
56,"The radar page is not showing the radar image for nw canberra, yass.",1,12.862658999999999,-17.433422
57,Sooo ..was there a storm predicted for tonight ??,4,4.401347,10.601027
58,Why does mobile site not give estimate of rain fall in 'mm' on the day  your looking!?,4,-18.161493,-6.7109
59,",  ,",4,-0.70886207,1.557598
60,Sorry but appears your radar isnt working properly. Its currently raining in Bet Bet but nothing is showing on the radar.,1,7.389924000000001,-13.662732
61,BbVvmvcvmm .n.6,5,4.968618,3.174892
62,Location finder not working on m site. iOS 10.3.3. Safari.,0,5.309983,-14.358228
63,",  ,",4,-1.493033,0.7645272
64,Dw,4,-4.232535400000001,-0.56450427
65,"Need to be able to store more than two locations. Personally, I need 3.",0,-21.482347,8.487336
66,RxzZA,4,-1.8485231,-5.9211893
67,09417032828,4,-0.3235617,0.54040426
68,How can I make my current location (Gawler) my favourite. It always shows Adelaide even though I select the favourite button.,0,4.4650435,22.575994
69,NnimmzmzmzmzmzmmznimmmmzmzZizcizz,4,-4.552018599999999,-4.6337019999999995
70,Blv,4,0.77385676,4.594540599999999
71,"Hi,
To be frank and honest, I would use BOM over Weatherzone but you have one very, very annoying point. The Radar. When I want to see the Radar for Armidale, your system seems to think we are close to Newcastle.
It is so very annoying that it will not revert to the nearest Radar which is Namoi NOT NEWCASTLE......
Can somebody please explain to me why this is not happening or is it a case nobody has ever pointed this out to you.
I would like to use BOM but unless this issue can be resolved I just will not use it in future.
You can not even ask the app or the mobile website to pick another Radar location........
Regards,
Nigel",1,15.696629000000001,-11.028414999999999
72,Live in lulworth and can't get the radar for my part of the state.Why not.  Athol preston,1,9.943142,-10.469373
73,"Huh.,,,,.!",4,-7.339836,-1.5140427
74,2 equipment,4,-4.051483999999999,-7.135781
75,fx-brokers-review.com/index_no.html Analyse og sammenligning av sikre og topp Forex selskaper,4,-0.10295657,-5.593955
76,",  ,   .  a href=http://ledbegorod.ruledbelgorod.ru/a",4,6.195107,-1.6085266000000003
77,Ht,4,-6.266468499999999,0.0841404
78,"Hi - Why is there frequently / always a long, thin band of cloud extending NNE of Burra? It appears to be permenant, or at least on my mobile it does. Regards, Graham",4,-1.2784766,9.614754
79,Khajuraho  jhansi  weather  not com,4,2.0968926,7.5787144
80,Sex,4,-1.5050963,-3.5583286
81,"Now I am going to do my breakfast, when having my breakfast coming yet again to read further news.
educational sites http://educationtip.eu/",4,13.378279999999998,7.6709323000000005
82,Weather,4,-3.4002828999999997,-26.177457999999998
83,Hhh,4,5.1867532999999995,-1.9936043
84,How do you set a 'favourite location' in the weather section?,0,3.4843702000000003,21.939404999999997
85,"Just wanted to raise a concern. When i updated to android 7 on samsung galaxy s7 and s6, i lost the ability to use location services. Other mobile websites still locate.",0,-3.1739137000000004,20.242085
86,A,4,0.06984832,-0.0043947287
87,"I live 7kms out of Morgan. I took 25ml out of my rain gauge at 7pm on thursday 20th of April.
A lot more than the 10ml u have on your Morgan weather site!",4,6.5185002999999995,-4.997380000000001
88,"radarloopoften showsalineof cloud from st helens to cape liptrap, why?",4,-1.1769778,8.493957
89,"Double Island Point wind observation not working since yesterday 9am. All reports showing ""-""",3,4.318691,-14.862217000000001
90,I really  the weather this week,4,1.4772272,-15.952501999999999
91,Weather,4,-3.0004797,-26.419321000000004
92,Weather,4,-2.6619046,-25.426476
93,Mnmmkmumjmjuimilmmlullmkmmlmmllmilmmi,4,-5.6403008,-3.3724566
94,"Guys the mobile website m.bom.gov.au is excellent but one thing drives me spare... the warnings screen takes over the whole menu bar which is totally unnecessary, even on a small screen mobile device. After checking warnings, the next thing is the radar, two selections to get there at present. 
It would be so good if the radar menu item was directly available from the warnings screen, there is plenty of room to put it there. Have a look it makes sense.",4,-3.9070443999999998,-17.446410999999998
95,Google,4,5.812346499999999,4.681669
96,",,",4,-0.6699562,-0.66603875
97,Weather,4,-2.5562112,-26.261546999999997
98,Wearther,4,-2.1652353,4.660554
99,Weather,4,-3.4603547999999997,-25.710012
100,Westher,4,-0.8223752000000001,5.0186459999999995
101,Weathers,4,-2.402821,-25.817830999999998
102,The That's,4,0.35399118,0.77595806
103,Weather,4,-3.1276884,-25.38281
104,Werchter,4,-3.222514,-3.6415772000000004
105,"The temps that are displayed on your site are somewhat inaccurate for Appin NSW 2560. 
At 11:42am on 11th February the temperature was 40 degrees Celsius 

Regards
Dale Shackleton",4,6.3571887,7.349218400000001
106,"According to my car thermometer it is 42c at Hurstville, 43c @ Penshurst & 44c @ Hurstville Grove (almost 5 degrees hotter than the BoM mobile app). Feels much hotter than 39.6 too",4,7.9843,1.4330794
107,"Are you able to tell me why this afternoon, the radar for my area, Forster, indicates there is steady rainfall when there is not a cloud, smoke or even haze anywhere in sight?",1,-1.9394288,8.039438
108,Wertch,4,-2.3182693,3.54895
109,Could you please tell me why the Moora River levels are no longer appearing on the site. Thankyou,4,-11.02153,-8.830555
110,Current temp in Wyong and Jilliby is recorded at between 35c and 36c. Weather site shows 26c.,4,7.974940299999999,1.5277051000000001
111,I like the presentation of the weather on my mobile. I was unable to download the app onto my phone because it is not easy to do.,2,-9.297191999999999,23.426378
112,Cecelia,4,-5.5981,3.5570273
113,You are,4,-1.8500834,-0.37621918
114,Hi rbtbe,4,2.4630813999999996,15.006776
115,Werecth,4,-5.3597529999999995,-3.7035620000000002
116,"Hi
Love the app, but the favourite locations and recently viewed don't seem to work. Saving a location as a favourite doesn't do anything at all, and my recently viewed locations don't look like locations I've ever viewed.",0,2.1914982999999997,21.308025
117,U,4,7.7840185,-6.8966823
118,Get real guys! Were cooking here. Even accu weather says its 30. Which forest do you have your thermometer in. YOU are dupposed to be the scientists.,4,2.349459,7.1825695000000005
119,O,4,-1.4570737,-0.888009
120,Hi,4,2.8029973999999998,15.490673000000001
121,Could we have polen counts included local sites,3,10.14715,4.5922529999999995
122,Gangplank,4,-0.562154,4.099226
123,why is site saying we have received rain at vineyard when we have not had a drop.could you tell me why every storm passes over us? is it because of clay pan,4,-16.243614,-3.818379
124,Pi Li piu Lu Lu I iy u piu,4,6.833400999999999,-5.5170083
125,Ouiikg,4,-3.2492602,3.968768
126,I will send a picture of you,4,-8.486906,-12.208224000000001
127,88,4,0.458762,-1.2811913000000001
128,Aizteetzo I i7 few a88sjufai77grewazuuzujoiI'llhby wiBeg 8888fo I ki Kyl Orting o Owosso Oulu in 9kioiua le 97t it UII1vaIiK on I ui I'm I 8z tweet rno I 7t out it oiia94 i8  wllKY i Uitk98n i97i,5,4.644475,4.1224966
129,"When using the ""my location"" option, it now only works intermittently...sometimes it is ok...other times it asks for the postcode. When it fails, a message in red appears advising an error has occurred. Is there a fix for this please?

Thanks

Peter Wortley",0,-4.719739,6.674374
130,Today O,4,8.926832000000001,9.922596
131,cxg,4,-2.0908139,-5.097432599999999
132,"I am wondering why the radar for Armidale NSW is Newcastle radar when Armidale is not even on that radar screen.
Could you consider trialling the Namoi radar for Armidale? At least Armidale appears on the Namoi radar and most Armidale weather emanates from there - not Newcastle.",1,11.777329,-9.999039
133,T,4,0.10608029,-1.8281682000000001
134,MwhghsAthtbhh2wthht,4,3.129223,0.025220841
135,8888880808,4,-1.4541421,-2.1759887000000004
136,I am unable to get appropriate radar coverage map for Launceston region - defaults to SE Tasmania,1,-22.670788,-1.3235408000000002
137,The current location selection on the mobile website is not working.,0,5.8209963,-15.241837
138,Jikkikukki kio,4,-1.8119572,5.815842
139,A suggestion... on the mobile forecast maybe Monday to Sunday forecaats could include a date?,3,11.362508,5.3561773
140,"I attempted to download the BOM weather app on my IPad- the icon has appeared on my screen but it does not work. When I try to use it, it briefly brings up a page and then switches back to the icon. Can you tell me what I have to do to make it work.?",2,-3.0960937000000004,12.000513
141,Miiucac,4,2.8973937000000003,1.8335199
142,"Using Moss Vale weather for Barrengarry is very inaccurate.At present we are 3 deg warmer than your  estimate.At times we can be 8 deg warmer.Altitude and topography.Frosts also less frequent and less severe.
Bryan Barger",4,-3.9878980000000004,6.631781
143,Can you explain why the dam storage level information for Victoria has not been updated for over two weeks?,4,-12.502253,-5.1900945
144,Location services will not work on where the default setting is to ask permission first... the recmended default,0,1.1760719,19.913103
145,"MNM.

MNM
.. MN",4,3.1698402999999997,-1.892137
146,How is your rain measured? I work in Kingston and it had been raining on and off all day. We live in Gundaroo and have had 15mm today in our rain gauge and 15mm yesterday? And yet you report only 1.2mm? How is that possible?,4,-18.522871,-7.201189500000001
147,"Very good,timely imformation",4,19.92672,9.918109
148,"Why, when I look at a current day's forecast early in the morning, don't I get a predicted rainfall for the rest of the day? Remy van de Ven",4,-9.791802,13.849773
149,The,4,-0.5373186,-1.8067296999999998
150,Where is the BoM mobile app?,2,16.238274,2.1296496
151,Can we get a station out Pakenham way? Ferny creek is used for us and rarely has the same weather we have. Please.....,4,2.3411171000000004,-8.997424
152,Rafetyildlrlmeue,4,3.2631482999999997,-0.59269017
153,What is weather today and tonight,4,8.660257000000001,9.916601
154,The only one that is,4,-2.173912,-1.8347603
155,D,4,-2.301949,0.94224894
156,Perisher needs a visibility feature to indicate the snow white-out.,4,-21.25251,7.887398200000001
157,Every day i look at the weather.weather = job and business.,4,-13.087925,5.9461985
158,Hi this is Alison,4,2.4622831,15.005947
159,Is it possible to have the option to add 'weather observations' to locations??,0,3.9587605000000003,-19.176904999999998
160,Why is the wind info so different between front screen and next 24 hours part,3,-5.3071904000000005,-18.662537
161,I ttt t6yyyy6GT y mi iPhone you cannot use t same as a referencehe double check 6t it guy o,4,17.117113,-6.56798
162,Yijhhdhdhdnejsndhe,4,1.8641468,0.098122925
163,How come the BOM doesn't have an app?,2,16.100542,3.2596066
164,"Excellent,but what about wind over next few days?",3,25.381027,1.854816
165,You need to fix it,4,-21.32077,8.188799000000001
166,"At 11:10am your forecast at 11am for chance of rain in Perth between 11am-2pm was 0%, 
It was pissing down when I read that, 0%, do you understand what 0% means, that's absolute, now for the meaning of absolute, to put it in to context, it is the type of cock you are. Please pass this on to the tool which it concerns.",4,11.880085000000001,8.552781
167,Use current location does not work after google update even though location services are on it always says this page does not have permission the use your location.,0,-3.3640697,20.728165
168,What does utc stand for on your radar map?,1,8.298502000000001,14.722134
169,Shows rain above on radar. But not raining! Glendale NSW,1,-15.151457999999998,-3.215576
170,Date & time on rain radar map is incorrect 0700 12/04/2016. Date & time below map is correct.,1,17.033285,12.552743
171,"Hi
Just using mobile site 'm.bom.gov.au' with location set to Launceston 7250, however the Hobart radar displays rather than the NW Tas one that should.
Regards
Glenn Bate",0,-22.88274,-3.3885372000000005
172,Past 24 hours not working.,4,5.431995,-13.351054999999999
173,Cessnock NSW is showing incorrect postcode - should be 2325.,4,-12.532988000000001,0.67327857
174,Ooooo,4,-7.409388000000001,-1.8511258000000002
175,Hygt,4,1.9866758999999998,-1.2445741000000001
176,"Love seeing a forecast for Narrogin on my phone, but very disappointed when I'm reminded that the data is for Wandering which has different weather from us.  Since Narrogin is the Regional town for this large agricultural area could we please have our own data showing on our handy devices?",4,-8.923430999999999,-5.632492500000001
177,I'm at,4,-0.5936045999999999,-0.07817104
178,Still waiting for the rain you forecast last week and again this morning?,4,-6.870961,13.5662
179,"Hi, current temperature at Warners bay nsw has been way out for a few weeks. Eg currently sat 3pm showing 25degrees when it's about 32 outside.",4,-8.2074,17.302267
180,Q,4,-0.49677864,-4.174201999999999
181,Maey,4,3.7262782999999997,-3.5252311
182,I'm in,4,-2.70627,-1.4667629
183,Am located in companhurst Nsw 2460. Lately radar says it is raining when it is not. Has happened a few times now,0,-15.225725,-2.4852357000000005
184,P8llll87 l,4,-2.4294965,-9.122371000000001
185,sdfdsf,4,0.48362200000000005,12.077401
186,sdfdsf,4,0.48351684,12.077736
187,fdsdsf,4,-6.0690527,1.4029908000000002
188,Jdjdj,4,-5.872999999999999,-1.6849936
189,I live in Maribyrnong so I type in Maribyrnong suburb for my weather but if I use the locate button it picks Footscray as my local weather and they are both different obviously I'm not in Footscray.,0,1.7797049999999999,8.354607000000001
190,"Radar won't work, has ?",1,14.983832000000001,-15.572220000000002
191,sfasf,4,-1.1611308,5.7985697
192,Radar is not working anymore. What can I do?,1,6.5159097,-13.598670000000002
193,Needs to show map features,1,-23.443707,7.7929015
194,"This app is A1.Thanks

Pete",2,14.684406,-0.43084609999999995
195,Is this site available as an App?,2,8.423664,-24.32116
196,"Hi,

Why does them mobile bom site show different weather prediction (max & min temp) to the full site at the same time?

Don",4,-7.4130087,8.486765
197,"My location is at Ninderry,4561. The radar map that goes with this location does in fact not cover this locality. Ninderry is off the map to the north. Entering Eumundi, 4562 as a location does give a radar map that covers Ninderry.",0,7.5152396999999995,15.7466955
198,dsfsd,4,0.17595345,-3.2730017000000005
199,"Question. How come your mobile site, & beta website, both give the days max of 25 degrees for Ulladulla while the Elders weather site gives it as 22 degrees. Both sources are of the BOM, obviously different databases. Colin",4,8.265367999999999,-0.09997113
200,..,4,-2.9501642999999995,-0.08264094599999999
201,The date on the radar page of the mobile app is today but on the actual radar image is 12 hrs ago?,1,13.0024605,-18.32949
202,O I u,4,7.7840185,-6.8966823
203,Newman forecast page cites is source station as Barimunya Airport locate 95 on away. Why would it not source Newman airport 25km away?,4,2.7627373,-10.403487
204,Doing itIii iioi,4,0.8763888000000001,2.1117619999999997
205,Where do I find the uv ratings? It does not show up on the app information,2,12.470332,2.1501565
206,Why is weather forecast and rainfall prediction different between mobile site and internet site?,4,2.6011724,10.314032000000001
207,Current mobile weather for Perth is showing 'tomorrow' and 'Saturday'. The current day is Friday (currently 19:25 15/1/16) with tomorrow being Saturday.,4,-5.7584643,17.383210000000002
208,"The radar only shows hobart
I live in the north of the state?",1,9.83486,-10.531753
209,Just loaded up and it has put my location as Clyde but my location is Devon Meadows.,0,-1.3924131000000002,18.718823999999998
210,"If you're on Launceston and click on radar it takes you to Mt Koonya, which doesn't even cover Launceston",1,-24.321115,-2.7173
211,"When I set Swanbourne 6010 as my favourite it does not hold it. When I shut the App down it is not there next time when open the app up again.

Apart from that App is sensational! Regards Gerald Moss",2,13.939347,0.3197199
212,This website is rubbish I live at Korumburra its telling me its 22c its actually 32c you must be taking your reading at Pound Creek 25k away on the coast. I think you need to inform people who enter their locaton you cannot provide weather readings for places away from your weather station.    John Grenville,4,4.78139,-9.431189999999999
213,Your radar site does not cover Launceston it covers the south and Hobart only,1,-24.114157000000002,-2.6999347
214,The wind speeds in the 24 hr forecast seem to be very out of Waco at te moment in the Barwon heads forecast. This has been the case yesterday and so far today. Actual winds right now day 10km/hr but the forecast says 33km/hr. Quite a descrpancy and it was the same last night.,3,22.806696,-0.47067213
215,Mm,4,-18.772274,-7.7714175999999995
216,Can you put the weather observations on the radar,1,5.147077599999999,-18.841503
217,"How can I look at the current temperature on the weather radar for city , airport etc. and wind",3,-0.5349469,-19.404095
218,3,4,-1.2257823,-0.30957603
219,"I suggest under the forecast, adding the day in bracket next to ""tomorrow"" for clearer description.

Example: Tomorrow (Sunday)",4,-8.397476,13.191865
220,"Do you have a 7 day weather widget that will work on Apple's new Operating System OS X 10.11.2
The widget I have used for 2 or 3 years allows on the State SA only to be entered and the list of Suburb's does not appear for selection.",4,-3.992349,9.904919
221,"Yep...checked the temperature 3 times in my garden and its 34C NOT 24C as your website claims.
That's a big difference guys.
Can you tell me why this happens?",4,8.10263,1.9432582999999999
222,I,4,0.6848939,-0.6639334
223,Dstsuussysheghegegeyefsgsfzygdysgegstsfscfssfsgsygsgggccfsvsgsygsgsh,4,3.8938214999999996,-4.8224797
224,it s not accurate.right now its not even cloudy and the app. shows the  thunderstorm icon,2,-3.5037322,11.441575
225,This is a test.,4,-7.589392699999999,-0.3829933
226,"Hi, just wondering why there is such a discrepancy between mobile app temps and bom.gov.au mainly for Adelaide temps.",4,-6.981578999999999,8.131288
227,Your radar site is not correct for Launceston. It only shows southern Tas,1,-25.63329,-3.1004531
228,"The weather report for Palmyra WA shows a moon sign for 'night' from 2pm,when Fremantle is showing the appropriate image.",4,2.6827137000000003,6.1269
229,I,4,-1.2909659,0.23914932
230,O,4,-2.142964,-0.99950284
231,"When savings a favourite (using 'current location') a town name cannot be added and it is only recorded as 1. Coordinates and 2. As 'recently viewed' (not a favourite). 

Also, I couldn't find a link for downloading the mobile app. Where can I find this?",0,6.9294853000000005,-9.288825
232,Needs radar map,1,-23.867506,7.6814194
233,Quite,4,3.9904782999999995,-6.13408
234,"on the graph display could you add the wind as a large dot with a small arrow showing direction using the 100% axis as kph (the dot = speed) and small arrow as direction with N vertical 
regards
Ted",5,22.906655999999998,1.1452733
235,Brill.,4,-2.4832294,-2.9156694
236,Pl,4,1.6086471000000002,4.886876999999999
237,"very useful app have now abandoned willyweather as there upgrade was atrocious
Ted",2,17.766396,-5.903025
238,I had an app for my iPhone that had this site. Now it is gone and I cannot locate the BOM app anywhere.,2,15.386941,1.1825192
239,Has an app been produced for this yet?,2,14.795886,-0.26984406
240,I live in Lismore. Your radar always shows north of us rather than the northern rivers region.,1,9.651922,-11.530982
241,The,4,-2.9970984,-0.9085975000000001
242,Sometimes the radar glitches on and off.,1,12.187689,-14.665728
243,First glance at m.bom site. Could you be consistent between today and later days and show min and max temps in same order.03,4,-10.064615,8.450167
244,"I am in Lismore, northern NSW. Each time I go to the radar, it shows the Brisbane map. Lismore is off the page to the bottom.",1,16.805270999999998,11.600743
245,Rader is still down after 2days,4,-10.820708999999999,12.089031
246,How do I show rivers/waterways on the radars on the mobile site?,1,10.149828999999999,-12.873318
247,How about making it an app?,2,-12.812907000000001,-20.81353
248,The app hasn't come onto my phone!!,2,16.040024,4.8280907
249,Iiiiiiiiiiu oLlooLlotog,4,1.5211543,-3.5979309999999995
250,0 I I,4,0.65570486,0.085753106
251,Slower step rate in the radar. Being able to control it.,1,11.699864999999999,-13.447869
252,",We",4,-2.455496,-0.38760632
253,"Site keeps defaulting to a location I viewed once. When I set a different place as my favourite, it still goes back to the old location",0,1.9067909,20.725033
254,"When in Mt Evelyn, why does it use a station 8.6km away at Ferny Creek when there is one closer at Coldstream 4.2km?",4,2.9645326,-10.851981
255,The current displays do not seem to pick up sharp showerslike yesterday. The shower was mentioned in other abc forecasts but not on this phone ap. Yesterday was Wednesday.,4,7.5988693,-3.1108372
256,Why does the BOM forecast for Mt Hotham ski resort (http://m.bom.gov.au/vic/mount-hotham/) talk about 'rain' when you plainly mean 'snow'???,4,-5.2212224,-10.630949000000001
257,it says the minimum for Smithtown will be 6 tonight but at 10.10 pm it is already down to 4.2.,4,5.426205599999999,9.004608000000001
258,"How do I get the app? It's not intuitive. Can't find it on your website, can't find it in Apple Store?!?",2,10.191562,-1.8460423
259,"Working well,I'lovit!",4,5.5537434,-13.821451000000001
260,Why not just make an app?,2,-12.812907000000001,-20.81353
261,"Your maximum temperature is supposed to be ""last 24 hours"" but it's not. It's since midnight. So at 7:40 am it's telling me 3 degrees!",4,6.895819,7.503906
262,"Found a small glitch on the mobile version of the site. Cessnock NSW shows the postcode as 2320, the actual postcode is 2325.",4,-12.4833765,0.7142339
263,You don't give sunrise /sunset times. Why?,4,20.725607,9.980701
264,Could the next 7 days forecast include wind speed and direction.,3,24.941816,2.3328189999999998
265,DaDq Ezra a aaaaa,4,1.3100261999999998,-5.4413347000000005
266,Just tried it for Armidale where I live but the radar doesn't show Armidale,1,11.589247,-9.884786
267,Mireci demondi 3G,4,-7.52619,5.552239
268,87b,4,-0.37891358,-6.426554
269,How do I get a link on my screen,4,-5.9997888,-16.70204
270,"The main page doesnt seem to have a ""possible rainfall amount"" for the current day, but it shows for all subsequent days...
The page also doesnt appear to automatically load a favourite location...",0,-13.024958999999999,11.402944999999999
271,Radar for mount coolum should default to gympie,1,-21.17009,-0.9227636
272,"Do you have your new Mobile format as an apt?
Richard",4,-1.3230975,-13.707448000000001
273,Hi pinku,4,2.4630669999999997,15.006851000000001
274,Just an idea above the expected max min temp for the day put a digital clock and the date.,4,-10.124483999999999,8.765085000000001
275,"Breautiful minke site, now just make it an app",2,-11.545594,-20.161652
276,"E.g.  Re day of month display;

Saturday  18",4,-11.914966,11.689863
277,Marine weather for this site would be very handy for all us boaties,4,-11.792566,3.5822513
278,I can't seem to zoom in very far on radar using the plus sign magnifier,1,15.463339000000001,-10.346898
279,"Why dont we get an estimate for the amount of rain ""today""",4,-15.093523999999999,-8.062232
280,"My location is Mosman, which links me to the weather station in the harbour, which, according to this website, is 6.2 kms away. The Sydney station is only 1.7 kms. Why does the ""Use my current location..."" not link me to Observatory Hill? The weather there is much closer to that experienced at Mosman than the Middle of the harbour!",0,2.082302,-11.025352999999999
281,For the location search it doesn't recognise Norfolk Island,0,-2.0269174999999997,17.152662
282,How do we download the app?,2,-9.111168,25.525671
283,You need to add uv index to the mobile weather page.,4,3.8648510000000003,5.9876356
284,How do I get railway lines to show up on the map?,4,9.240295,15.721419000000001
285,88,4,-0.84416175,0.6994169
286,128km Hobart radar not suitable for Launceston 7250 postcode. Need NW Tas West Takone 256km.,1,-25.2263,-1.6084578
287,"I don't see any reason for this ""app"" the predictions are seldom correct if ever!!",2,4.4675709999999995,10.716071000000001
288,5ww equipment can we cc wq DZ qqqqqqqx I,4,-4.056887000000001,-7.1359406000000005
289,f sbska,4,3.6644135,-4.892348
290,"Hello, 

The mobile site doesn't display the wind direction, can the wind speed in knots be removed and wind direction added

Regards Matthew",3,23.830172,2.2743971000000003
291,Iiiiiiiiii,4,-4.286416,1.7479407999999999
292,Your mobile site radar view wasn't updating this morning Wed 8am QLD time. Your full site as showing the storm.,1,-11.455002,-4.532744
293,"Why is there a large difference in your forecast numbers between your mobile app & the web version, also why can i get different numbers between using my current location & typing in the postcode without moving a step.

David",0,-7.034807000000001,-5.957407
294,Why is there a large difference of for cats,4,-7.43261,-5.55309
295,New site for mobile phone is great.well done,4,-0.50695676,-14.4918375
296,Your radar picture does not show Kalannie,1,11.547891,-14.263247
297,Thankyou for this new app! Just what I wished for,2,10.071977,20.631270999999998
298,The radar for Launceston automatically goes to Hobart. The default should be mixed graphic between the Northwest centre and Hobart.,1,-22.617714000000003,-1.7344346000000002
299,dhhdhd,4,-3.7016616,-4.7801943
300,"The Rsdar tab does NOT show rain - only the map. I have to go to the full web site to see rain.
Jim Pope",4,-15.525317000000001,-3.7997900000000002
301,The radar does not work on my phone using this site. Windows phone Nocia Lumina 800.,1,11.280014,-5.5125337
302,I have an iPhone 5 and can't work out how to set a favourite location. I have selected the star on the weather page for Hobart but it only stays as a favourite while I have the site open. Is there a way to make the favourite stick.,0,4.1678534,22.398498999999997
303,radar too fast.,1,13.762464000000001,-16.438728
304,Need to have date automatically updated when app. is accessed.,2,-11.8586,-5.718534
305,"Is it possible to include/indicate Beerburrum, Qld. on the radar?",3,9.422792,5.09202
306,How do I know when the forecast for the next day has been updated?,4,-8.917882,11.124288
307,Thunderstorms very audible at this time - 1638 AEST,4,19.22136,9.856455
308,Why isn't Warranambool on the map,4,9.09023,15.636729
309,You say in th instructions for the site that I can download an app to launch the site. What you don't explain is how or where I go about doing that,2,-9.824945,24.453371
310,Can't load mobile app to my iPad,2,16.628916,-2.0614779999999997
311,The RADAR option only shows the map and NOT the rainfall - Nokia Lumina 800.,1,9.034256,13.875964999999999
312,I find the radar images scroll through too fast.,1,13.761686,-17.101164
313,Where is the iphone app. Couldn't find it in App Search on my phone???,2,13.343729000000002,-3.8219477999999993
314,Please give wind direction in forecast. Very important to hay fever sufferers to know about northerlies in Melbourne.,3,22.946701,0.50264317
315,Radar has not loaded for over a week,1,18.567091,-15.056179
316,Could you add the range to the radar screen on the new mobile site?,1,-2.2412490000000003,-14.570835
317,Radar did not relate to the area searched.   Searched west launceston radar showed southern tas,1,-25.822782999999998,-3.237064
318,There are descrepencies between the website and this app of 3 degrees.  The app saus 29 degrees and BOM website says 32 degrees.  Which is correct.,2,9.655700999999999,-0.70527625
319,"The temp forecast on mobile site is different to the desktop site. For instance, today's temp for Central coast is 25 on mobile and 30 on desktop site. Why?",4,-9.85208,7.332358999999999
320,"Seems to run backwards in time? I'd prefer older>newer,pause,jumptorepeat",4,-9.591078,-2.459571
321,How can I add a location to favourites in the App.,0,2.3602830000000004,22.869144
322,Get it fuckin right would you,4,-4.8844852,10.917571
323,Your weather predictions are useless!!!!,4,2.8818324,10.061098
324,Brillyunt,4,-4.726759400000001,-1.7559846999999997
325,"Why does the app not retain my ""Favourite Location"" ??",0,2.5415807,22.633667000000003
326,"As I've mentioned before, I still don't seem to be able to add to ""favourite locations"". Somebery time I log in I have to go two extra steps. I'm using my iPad.",0,-3.8434381,7.518759299999999
327,@using'up@yumuuuuuu,4,18.531216,-7.3563943
328,"How do I make Mt Gambier, 256km, my default radar on the new mobile site?",1,-2.028291,-12.289451
329,Nope - will still use RainRadarAU as it shows me where I am...,4,18.232304,-6.9630103000000005
330,Can a iphone mobile phone app be developed for rain radar and weather forcasts.,1,12.765369999999999,-5.1200767
331,Need to have roads and rivers as part of default view for Darwin radar.,1,-20.163925,-0.93483907
332,Why is there a difference in the temp forcast with mobile site 22 and main Bom 26 for today Fri,4,-9.881456,7.475536999999999
333,As at 14.14 in little bay nsw 2036 the weather should be 31 not 21 degrees under the light blue category of today and seems correct for 18 degrees tonight.,4,6.328353400000001,9.088878999999999
334,"Just wondering, if the weather station at Beerburrum, Queensland. could be included on the radar image and other maps?",3,9.476828999999999,6.4673758
335,"Was looking the temperature on your app and it show a temperature of 30deg for Brisbane, and your website says 36degs for today, why is there a difference between the two?",4,6.1508,6.6979084
336,Why do you even do this,4,0.027704634,-0.64080757
337,Why is Wingham weather now based on Port Macquarie airport and not Taree Airport?,4,3.9742954,-6.753178999999999
338,"Hi, I'm just wondering why some days you have a % of rain when the amount of rain predicted is 0mm.",4,-18.64326,-6.6405616
339,Mobile site does not launch automatically from mobile device at bom.gov.au Had to manually search for it. You should enable it so it does.,4,-5.1958685,-10.779601
340,"Suburb pages should include the prcis for the closest city. For example, Downer (ACT) should include the prcis for Canberra.",3,10.076883,4.7183332
341,Oh juju,4,-6.762987,1.0561007
342,Need predicted rainfall in mm with today's info,3,-19.200127,-8.711924
343,How do I select a favourite site in the mobile bom?,0,5.033566,22.808335999999997
344,Radar page for Launceston does not show Launceston on map. Radar source needs to be West Takone.,1,-25.373307999999998,-2.1086855
345,Hlolji,4,2.9183786,2.0555413000000002
346,Even with my location service on it keeps bringing up to turn location service on. Why won't it realise that I already have it on?,0,-2.4911625,19.084476000000002
347,Ooqooqqqqqqoqq,4,5.1549544,-1.4818506999999999
348,Could we have Doppler and other radar options?,1,11.4999895,-15.595951999999999
349,I can't use the 'use my current location' function - I have an iPhone and have set it to location on but it does not work - it also doesn't show in the list of apps using location,0,-3.487546,21.537107000000002
350,"How do I download this to my mobile or is there a BOM app. for my phone?

Also just a thought. When I use preferred site oatley 2223 the result tells me the nearest station and from which it provides the data for the oatley option is the airport. Would Canterbury which is slightly further away though a similar distance inland provide  more accurate information for Oatley? From my unverified observation the airport station when I compare it to measurements I take at oatley is sometimes quite different and often closer to what I find reported for Canterbury.",4,3.4603257000000007,-8.870931
351,"Radar feature needs to centre on  location that is input. At present it only focusses on the capital city. The map also needs a Pan fagility.
Regards, peter",1,-22.35151,7.852963000000001
352,Sunrise and sunset times could be added?,4,20.782768,9.972881
353,Hi how one the mobile site of BOM does not feature UV and the sun protection times?,4,-6.301604,8.694777499999999
354,Why does it say my current location is seaford when I'm at vsrr,0,-4.1358776,18.059467
355,Radar not working. Windows phone 7.8,1,11.042086999999999,-6.2192407
356,Last message should have read 16 (today) not 15 July 2014,4,10.752153,9.739922
357,"It would be handy to have city current
temperature on this radar site",1,-0.9122396999999999,-19.264232999999997
358,The t t,4,-1.2692356000000002,1.5203563
359,Hi some of weather symbols don't show up on other areas,4,1.8127644,14.309111999999999
360,"On the mobile display you should include the day with the time and prediction, since it becomes confusing whether eg the 9:30am percent chance of rain is the one just past this morning or the 9:30 the following day.",3,-12.552615,13.665909
361,Could you include the wind direction,3,24.228673999999998,2.9102585
362,Why don't you have a Twitter acc?,4,-6.049826,-1.589705
363,Visually it's a bit complicated to understand and distinguish all the information. Maybe the use of more than one colour.,4,-13.331748000000001,-14.384163000000001
364,"Radar defaults to 128km view. should be an option to set your preferred view, which might be 256 or 512km for example",1,-20.733276,-0.044522985999999994
365,Radar frames move too quickly.  My preference would be for about a 1 sec frame advance.,1,12.558011,-12.726056
366,Telfer obs not available. Why?,4,7.2138762000000005,-23.725604999999998
367,"Would be handy to have city temps on
the radar screen",1,-1.5745102,-18.99391
368,"Love this on my Android. But not sure why I get Moorabin weather station for Mulgrave, when Scoresby station is just down the road.",4,1.9770948,-9.266875
369,Sensational!,4,-8.236925,2.5358174
370,Norwood and Newstead Tasmania both default to the Hobart radar rather than the north west Tassie one which should be the default.,1,-21.791532999999998,-1.2249246
371,HOW TO INSTALL  BOM APP ON SAMSUNG S5,2,16.096829999999997,1.5581508999999998
372,how to instal app and where,2,15.13931,0.21261674
373,Not webapp capable?!!,4,0.05576409,4.6734247
374,"for tirrannaville and goulburn nsw the local radar.displayed is sydney or wollongong rather than canberra where our rain primarily comes from.
any reason?",1,-12.414627000000001,-1.5853944
375,Needs an app so it's available with a click of a button,2,8.481233999999999,-24.35308
376,Need marine version which also provides sea and swell.,4,-19.206042999999998,8.869389
377,Could we get main roads put on the radar,1,11.343217,-17.617895
378,Found your new mobile site but where is the app icon?,2,10.073572,20.64321
379,Could do with rainfall observations,4,4.2644470000000005,-18.069385999999998
380,Would it be possible to add daily rain fall?,4,-16.77937,13.4663
381,Weather icons required as per main site to see at a glance what weather is up to!,4,-12.210133,5.4179344
382,Warrnambool needs mt gambier radar feed as weather doesn't usually come from Melbourne direction !,1,-0.38106942,-9.448235
383,Adelaide doesnt have a postcode to search by.,4,-10.855524,0.97685635
384,"Simply swipe left to right for next day, forecast instead of scrolling to bottom to select 'next day' just an idea",4,-10.21267,12.314679
385,"Looks & feels great....
Looking forward to using it.....
How far away is it ?",4,13.767369,16.486351000000003
386,"Derp, there is a tab for radar.",1,12.335932000000001,-14.149231
387,"what about including info on wind, uv & pollen counts?",3,10.147932,3.6919465
388,Cant wait for the app to be developed so I can download it!!,2,-9.090924000000001,24.852488
389,This is what I want.and I will use it when it is available.,4,7.283384,-23.681207999999998
390,The source is Pearce 50k away. There is an auto weather station just down the rd at Toodyay East,4,2.4753075,-9.480787
391,Can u make an app instead of a mobile site??? Pleeease!!!,2,-9.5973425,4.496418
392,Bring it on!,4,-2.2865154999999997,13.851587
393,Kjhb,4,-3.3029462999999994,1.5411205
394,Is/will this website be suitable for Androide mobile phones?,4,10.309319,-3.5514348
395,I cant see any mention of wind direction,3,23.719458,2.1953292
396,Very handy to check the weather for my golf games,4,-11.755195,3.491362
397,"I use road and railway lines on the main site radar image to locate myself, but I cannot find any option to add them on the mobile version.",0,10.824359,-17.960686
398,Found it.,4,-1.8635973000000001,1.3800752
399,Finally a decent weather app that stays up to date with the current status of the weather.,4,3.3817502999999998,7.8133507
400,"I use your site often to look at tide predictions in Darwin.

Is this feature able to be added to the site ?",4,19.422665,-8.946595
401,Where's the wind speed for boaters?,3,23.209423,1.7829316000000002
402,"Great,love the new look.",4,0.058075733,-13.00256
403,"Total rain fall, possibly including, month & yearly so far, with out having to go through the timeline",3,-16.771320000000003,13.467757
404,"Current location should pick up a name, currently it picks up actual coordinates which may not make much sense to users.",0,-5.1485376,17.65942
405,Quick and informative,4,-17.502762,4.111726999999999
406,"Ps, a tad slow...",4,-7.823021400000001,0.559002
407,"Quick, snappy and well formatted. No changes needed.",4,-18.91478,5.204358999999999
408,Could you setup scalable maps in the radar?,1,8.297364,14.721442999999999
409,"I follow the weather closely, lifelong habit, and I find this site very simple with all the necessary information available. Look forward to seeing the end product.",4,-15.242199,4.229221
410,Just found the radar button.,1,13.648741000000001,-15.444710999999998
411,Could you tell us the period of the day when rain is likely?,4,-16.97445,-4.1249839999999995
412,Awsome,4,-16.035423,18.571082999999998
413,üëçüòÜ,4,-1.0632347,-1.2989764
414,Would have to be more accurate than what I have now ... Bring it on!!!!,4,-2.2852554,13.850264000000001
415,Are you making a BOM weather app for android?,2,-12.228202,-19.341986
416,Looks teriffic,4,14.209418,15.740885999999998
417,Its goos,4,5.8461394,2.7740989
418,Good...Go with it,4,-2.6544757000000003,0.4653738
419,"Clear,easy to read and understand",4,12.802717,10.833509
420,So much more convenient!,4,-3.7734837999999997,-2.4641302000000005
421,About time! Any pictorials forth coming? Maps etc.,4,17.927795,10.924574
422,Will it also be an App or just the website,2,10.883538,-1.2689873
423,The radar map shows Woomera not Coober Pedy,1,8.290078,14.647511999999999
424,Humidity is incorrect,4,-10.531314,-0.12453367
425,I think it is informative but it lacks the colour and detail of the weather au site I am accustomed to. The blue is overwhelming,4,-12.6278925,-14.382368
426,Id prefer this as an android app,2,13.50045,-1.0541846000000001
427,"Please add tge barometric pressure. 
It does make a difference",4,-8.816331,-4.2376885
428,Is it possible to personalise the town/city instead of the Capital of the state?,4,2.2797656,0.90791035
429,phenomenal!! Thankyou!!,4,-0.49144703,8.236024
430,Can you provide an app that I can just click on the iPad?,2,16.146425,-1.9592694
431,Make it an app,2,-12.812907000000001,-20.81353
432,Great!!!!,4,-1.9672883,0.2537584
433,"Looks wonderful,easy to read and has all the info one needs",3,13.113975,12.055843
434,Yahhh looks great.. Thankyou!!,4,14.917604,15.686639999999999
435,Needs to be made a app,2,-21.95064,11.4412775
436,Awsome! Make it in to a app!,2,-16.791449,18.394785
437,"Seems good,will try it .",4,-4.735032,-7.1628337
438,I would use app every day,2,19.140235999999998,-4.687646
439,Looks great....Easy to read at a glance!,4,13.139914000000001,12.130201
440,Need to make an app the same as this mobile site.,2,-13.084503,-21.820349
441,"We'll done so far, very functional",4,-15.431911,8.640103
442,Radar loop is way to fast on Chrome browser for android.,1,14.195938,-17.289351999999997
443,You need an app!!,2,-21.950666000000002,11.441293
444,Could do with a bit of colour,4,-13.754309,-13.384742999999999
445,Finally.  Now just to have as a screen saver.,4,-4.730564,-17.459395999999998
446,Do a whole 24 hours in next 24 he screen,4,-5.1256742,-18.145885
447,Need longer forecast. 10 days. Very plain looking.,4,-9.780906,14.427883999999999
448,When can I download the app?,2,-9.111168,25.525671
449,Very grooved..love it.. About time,4,19.726187,9.527944
450,"For the area code 4352, you terminate at the ""h's"". The area code is big, and your database is truncate.",4,-8.252563,-8.777559
451,More colour,4,-13.578629500000002,-13.376369
452,NB what's about windscreen forecasts as we camp and travel.,4,-6.8952103000000005,12.820947
453,The upper Ovens Valley does not use omeo as an indicator. You would use Wangaratta.,4,18.56158,-7.3995565999999995
454,"Website is very usable, it would still be preferable for it to be an app rather than website based.",2,10.631044000000001,-1.5899041
455,"My need photos of sun, clouds & wind etc",3,21.847399,2.4413176
456,I like.it allot.  When will be an.app I can download?,2,-9.44003,24.854210000000002
457,Looks good.easy to view,4,13.453488,13.360306
458,swell and seas forecast with interactive maps.,4,-5.433536,13.829670000000002
459,We live in macedon and would prefer more accurate weather. Can we use the forecast on meteye,4,-6.4142127,11.853169
460,Extremely quick,4,-18.786343,5.102441000000001
461,üëç,4,-0.8182739,-2.2621713
462,Tell me the weather at mt gravatt east,4,1.3520378999999998,6.962277
463,I find the site concise and functional.,4,-15.456774,8.646569
464,"Very goo 
 Look forward to full thing",4,13.955664,15.778986999999999
465,"Rain radar was only for Melbourne, will the app use your current location, or allow you to drag the map?",0,6.8637524,16.289553
466,Muchore informative than others I use,4,19.857257999999998,-7.340891
467,I'm in glen Waverley but the location says wheelers hill. Work on your GPS,0,-2.3743217,18.257448
468,Pleas make iphone app!!,2,-11.633531,-20.319643
469,Can't wait... So much more reliable than others apps!!,2,14.864681,-1.2395489
470,"When asked to find my location, said I was at Mount Waverly, I'm in Kerang.",0,-2.106424,18.128239
471,Needs radar link,1,-22.214195,5.2532125
472,I know you are using a mobile site so you can cover all mobile platforms but I would prefer an app for iPhone and iPad to this.,2,16.690931,-4.032964
473,"This gives me all the information I generally look for on a weather site, so thumbs up from me.",4,-15.310209,4.246662000000001
474,"A lot more information,fantastic!",4,-20.212736,-13.926955
475,When I load the rain radar it loads the 128km radar but my location is outside this area and it would only be shown in the 256km radar.,1,18.547804,-15.066598
476,"Really gd, simple to read. Very relevant stats etc.",4,12.291248,9.136127
477,awsome!,4,-16.035404,18.571151999999998
478,I think it's great.would lov to have it all the time,4,19.484092999999998,10.153213000000001
479,Hh,4,0.8832261,-4.365692
480,Radar need to be relevant ie if Yunta is my home the radar only shows up to Burra,1,13.841719,-14.33039
481,Can you put the marine weather on this,4,-12.002682,4.375871
482,Much clearer set up of info ...like,3,-8.60785,3.0363488
483,Luv it,4,0.8455256999999999,3.0252612
484,Cool...,4,-1.1057806000000001,3.002165
485,based the zoomed in radar on the 512 composite and not on the 128 or 256,1,12.47733,-13.341503
486,I'm not too sold on the box-y design,4,2.409688,-6.1512556
487,I really need the river levels just as handy as the rain fall for the area.,4,-11.386576,-8.685911
488,Is it possible to include surf conditions information or a link to surf forecasts or information sites?,4,11.710102000000001,3.2782674
489,Teffific new site but again when are you putting a radar at dubbo ?,1,-1.4764427,-13.7316265
490,Helpfull,4,-6.766193400000001,3.1043634
491,We need a coastal weather station at black point or Adrossan,4,0.8492052999999999,-9.219867
492,Maybe a section for aviators and or guys that use wind below the boundary level.,3,16.428839,-6.552707700000001
493,"The rain radar for one isn't of any use to lots of places. Say where I live in lameroo, SA, you need a 256k radar and actually we use the 512k one a lot also.",1,14.941715,-9.628364999999999
494,"I just followed the link on Facebook the the BOM app and I got sent to the mobile homepage, not to the app.",2,16.360052,0.66700673
495,"I used the site both with my current location and a different postcode, very quick and reliable data given. I would use the site again, or a similar downloadable app.",0,21.752995000000002,-6.345324
496,"Can you make the next day forecast a continuous click for the next 3 or 4 days, not just 24 hours.

Maybe a small symbol for the forecasted week ahead. Just to make it a quick glance, and a touch of colour.",4,-9.192903,12.457705
497,"On first glance, differentiate the days with different shades of blue on the first screen and use lighter shades of blue or maybe incorporate some lemon, especially on the second screen",4,-4.88856,-17.055119
498,I believe this will be a very handy mobile phone site. But will it be available for all mobiles or just some?,4,6.296156400000001,-23.487935999999998
499,At a quick look seems very informative!,4,-17.234795000000002,4.0754085
500,it's great...,4,-1.6455178,-1.5636988
501,Excellant first look..,4,14.206762,15.739498999999999
502,Brilliant!!!!,4,-0.17569572,1.2609988
503,I think.its unreal it should come out on a app,2,15.637204,4.438235
504,"While the seven day forcasts seem to have estimated rain, and today's forcast has 3 time zones with probability, there is nowhere on today's forcast which gives the predicted rain, either in total, or in amounts corresponding to the time periods.",4,-15.130856,-8.302284
505,The possible rainfall amount is missing on the current days report. It shows the chance of any rain at 3 times during the day but not the possible amount - the 50%-25% range,4,-12.699223,13.759576999999998
506,"Compress the footer, it is to long/large.",4,-8.278724,-4.797729
507,The main website at www.bom.gov.au should have a mobile sniffer to automatically direct to the mobile website. Otherwise the user has to know there is a mobile version and they have to put in the mobile url.,4,-4.9528375,-12.723522
508,"Too much blue, add more colours",4,-12.335446000000001,-13.335807999999998
509,It is fantastic.!,4,-20.184105,-13.915467999999999
510,"I'm just wondering if you have any plans to release a Windows Phone app in the future?

Simon",4,11.451632,-5.112923599999999
511,Smartphones rely a lot more on apps now than web pages. Is it possible to make an official app?,2,-10.739588000000001,-19.925095000000002
512,"Hi, I think you need some basic icons depicting the primary weather condition for each day.

Regards,
Derek",4,-1.2432045,10.163725
513,"We've all been waiting for this day!
However, your existing site doesn't detect mobile use. You might wanna fix that.",4,19.22912,-5.808024400000001
514,Too much blue,4,-12.083503,-14.306579999999999
515,Overlay weather station observations onto radar?,1,5.051267,-18.787563000000002
516,This is fantastic!!!!,4,-20.184128,-13.915354
